split,pool,pool_address,fee_pips,block,ts,pool_price_obs,cex_mid_obs,cex_mid_t,gapPips,gapSign,edgePips,imbalance,imb_arb,abs_imbalance,sizeToDepth,realizedVolBps,attestationAge,nSwaps,arbShare,baseFee,n_swaps_t,n_arb_swaps_t,arb_vol_usd_t,vol_usd_t,p_open_t,p_close_t,markout_usd,fee_usd,searcher_arb,searcher_any,y,p_heuristic
train,0.05,0x88e6a0c2ddd26feeb64f039a2c41296fcb3f5640,500,25657168,1785552947,1867.0569319936526,1866.6733374288106,1866.6633361642603,205.0,-1.0,-295.0,0.9998069274758469,0.9998069274758469,0.9998069274758469,2.0745862832306766e-06,0.9038703576187258,1,6,0.8333333333333334,500,1,1,1411.191409,1411.191409,1867.0569319936526,1867.0393318131867,-0.414959352391179,0.7058031841761957,False,False,0,0.1088
train,0.05,0x88e6a0c2ddd26feeb64f039a2c41296fcb3f5640,500,25657501,1785556967,1867.802369401831,1868.3319617778013,1868.5217418709722,283.0,1.0,-217.0,-0.45117476440147813,0.45117476440147813,0.45117476440147813,2.588478400274784e-05,0.8478022468021631,1,6,0.6666666666666666,500,3,3,5355.191571,5355.191571,1867.802369401831,1867.86913942312,-0.7118143842329125,2.6775957855,False,False,0,0.2664
train,0.05,0x88e6a0c2ddd26feeb64f039a2c41296fcb3f5640,500,25662195,1785613499,1834.6577001145763,1834.3725447856086,1834.3825471494845,155.0,-1.0,-345.0,1.0,1.0,1.0,2.3676958037135106e-05,2.0187420768153936,1,3,1.0,500,2,1,56.851675,119.734072,1834.6577001145763,1834.6577771640307,-0.019896163374596654,0.028435785581687297,False,False,0,0.1146
train,0.05,0x88e6a0c2ddd26feeb64f039a2c41296fcb3f5640,500,25663464,1785628739,1843.7024722743668,1843.7587775087807,1843.7587775087807,30.0,1.0,-470.0,0.8938407749203721,-0.8938407749203721,0.8938407749203721,2.1663934875887564e-07,1.3421739894242086,1,13,0.5384615384615384,500,1,1,3.733531,3.733531,1843.7024722743668,1843.7025194359662,-0.0017530856232910175,0.0018667655,False,False,0,0.0506
train,0.05,0x88e6a0c2ddd26feeb64f039a2c41296fcb3f5640,500,25664458,1785640691,1873.7332304258077,1874.0196273382783,1873.070379941326,152.0,1.0,-348.0,-1.0,1.0,1.0,5.706998297958716e-06,1.789372059908034,1,5,1.0,500,1,1,9.87,9.87,1873.7332304258077,1873.733352826137,-0.008425180212688232,0.004935,False,False,0,0.1096
train,0.05,0x88e6a0c2ddd26feeb64f039a2c41296fcb3f5640,500,25664902,1785646031,1877.3996001864944,1876.6835955453669,1876.7323512109947,381.0,-1.0,-119.0,0.9701187261535793,0.9701187261535793,0.9701187261535793,9.947431156002803e-06,1.1055728833352463,1,4,0.75,500,1,1,8631.436155,8631.436155,1877.3996001864944,1877.2923922579516,-1.4951259235531325,4.316465640461776,False,False,0,0.4941
train,0.05,0x88e6a0c2ddd26feeb64f039a2c41296fcb3f5640,500,25666998,1785671279,1857.090116727949,1857.09572804622,1857.2856376959662,3.0,1.0,-497.0,0.026639677632487837,-0.026639677632487837,0.026639677632487837,9.004758631563161e-05,2.9265765118181726,1,21,0.7142857142857143,500,2,1,5629.2225,5649.71742,1857.090116727949,1857.1617706374961,-2.330403107024722,2.81461125,False,False,0,0.091
train,0.05,0x88e6a0c2ddd26feeb64f039a2c41296fcb3f5640,500,25667251,1785674339,1855.6543576876563,1854.7961923430007,1855.295792662745,462.0,-1.0,-38.0,0.9999785575650996,0.9999785575650996,0.9999785575650996,3.8337269426502385e-05,2.0050849559223516,1,13,0.5384615384615384,500,2,2,2287.2343149999997,2287.2343149999997,1855.6543576876563,1855.6253430367428,-0.7198972329553328,1.1439771061164776,False,False,0,0.593
train,0.05,0x88e6a0c2ddd26feeb64f039a2c41296fcb3f5640,500,25669956,1785706907,1885.5993593925305,1887.3502875409633,1886.8707338749762,928.0,1.0,428.0,0.9454790631336084,-0.9454790631336084,0.9454790631336084,1.6352887222241982e-05,2.5082226164085166,1,8,0.375,500,1,1,23634.718658,23634.718658,1885.5993593925305,1885.8863060174408,2.3117322113830596,11.817359329,True,True,1,0.9138
train,0.05,0x88e6a0c2ddd26feeb64f039a2c41296fcb3f5640,500,25672011,1785731723,1860.0901872850777,1860.2195260446324,1860.1396554514795,69.0,1.0,-431.0,-0.9999984442511207,0.9999984442511207,0.9999984442511207,4.174933982533779e-06,1.317737426149545,1,5,0.8,500,2,1,131.764828,131.767924,1860.0901872850777,1860.0918115112838,-0.06243803499683054,0.065882414,False,False,0,0.0657
train,0.05,0x88e6a0c2ddd26feeb64f039a2c41296fcb3f5640,500,25672992,1785743531,1842.923943335723,1843.8171547069637,1841.9375608339533,484.0,1.0,-16.0,-0.9965428189277038,0.9965428189277038,0.9965428189277038,3.585944563905074e-05,1.797361027700587,1,4,0.5,500,2,1,1492.411336,16554.781277000002,1842.923943335723,1842.7525186441258,-1.398272401891063,0.746205668,False,True,0,0.6021
train,0.05,0x88e6a0c2ddd26feeb64f039a2c41296fcb3f5640,500,25673375,1785748163,1838.1421937220932,1839.063859859477,1838.874001430018,501.0,1.0,1.0,-1.0,1.0,1.0,1.4743220807040725e-05,1.3223266557614848,1,4,1.0,500,1,1,82.06,82.06,1838.1421937220932,1838.1432276387518,-0.008399392098993985,0.04103,False,False,0,0.6717
train,0.05,0x88e6a0c2ddd26feeb64f039a2c41296fcb3f5640,500,25674277,1785758999,1836.1631709977196,1837.0424879993782,1837.052486566608,478.0,1.0,-22.0,0.5123160127783886,-0.5123160127783886,0.5123160127783886,4.0806058008134905e-05,2.4241926438869252,1,7,0.7142857142857143,500,1,1,4374.390661,4374.390661,1836.1631709977196,1836.2183061420053,-0.13526402833576867,2.1871953305000003,False,False,0,0.545
train,0.30,0x8ad599c3a0ff1de082011efddc58f1908eb6e6d8,3000,25677981,1785803543,1857.9937887513952,1852.620544357357,1852.0210184158755,2891.0,-1.0,-109.0,1.0,1.0,1.0,0.00025318013749708185,2.447713636873905,1,1,1.0,3000,1,1,5180.051882,5180.051882,1857.9937887513952,1857.70006926756,0.7057581448743804,15.538038371565376,True,True,1,0.6926
train,0.05,0x88e6a0c2ddd26feeb64f039a2c41296fcb3f5640,500,25678065,1785804551,1849.9709630224695,1850.558078649117,1850.9961643980196,317.0,1.0,-183.0,0.1655514864879428,-0.1655514864879428,0.1655514864879428,2.310992729516916e-05,2.828394924785819,1,29,0.7586206896551724,500,1,1,24816.079959,24816.079959,1849.9709630224695,1850.2830498869364,-0.7556963866773003,12.4080399795,True,True,0,0.3212
train,0.05,0x88e6a0c2ddd26feeb64f039a2c41296fcb3f5640,500,25684118,1785877355,1874.6159952036032,1873.976869226959,1873.7770399509425,340.0,-1.0,-160.0,0.8460707413227005,0.8460707413227005,0.8460707413227005,5.409085331535681e-06,2.0057473540873914,1,19,0.5789473684210527,500,2,1,14192.385489,14221.664713,1874.6159952036032,1874.447000757923,-1.3834525205766113,7.096884470760289,False,False,0,0.4319
train,0.05,0x88e6a0c2ddd26feeb64f039a2c41296fcb3f5640,500,25684145,1785877679,1873.9043659770587,1874.6177662817802,1874.4078134447266,380.0,1.0,-120.0,0.9999787437113327,-0.9999787437113327,0.9999787437113327,3.482431513698539e-05,1.5984389848273535,1,4,0.75,500,2,1,913.550895,991.773748,1873.9043659770587,1873.914332876192,-0.21366337166386984,0.4567754475,False,False,0,0.5194
train,0.05,0x88e6a0c2ddd26feeb64f039a2c41296fcb3f5640,500,25684583,1785882983,1874.5845204188272,1874.928780220024,1875.1287274954282,183.0,1.0,-317.0,0.9940749030773222,-0.9940749030773222,0.9940749030773222,1.8398831166755172e-05,1.6358444362482119,1,7,0.7142857142857143,500,1,1,0.059467,0.059467,1874.5845204188272,1874.5845211278643,-1.2744968508171528e-05,2.97335e-05,False,False,0,0.1042
train,0.05,0x88e6a0c2ddd26feeb64f039a2c41296fcb3f5640,500,25686505,1785906119,1866.3899579117408,1867.0370873403042,1867.7165229929028,346.0,1.0,-154.0,-0.9997339989549616,0.9997339989549616,0.9997339989549616,2.8868886917566305e-05,0.8009427766040972,1,8,0.875,500,2,2,51951.257202,51951.257202,1866.3899579117408,1867.0019208094811,2.414386356808336,25.975628600999997,True,True,1,0.4689
train,0.05,0x88e6a0c2ddd26feeb64f039a2c41296fcb3f5640,500,25687891,1785922835,1872.1463472931603,1872.6268524202853,1872.4769419381894,256.0,1.0,-244.0,-0.694454807895213,0.694454807895213,0.694454807895213,1.9246878743140707e-05,1.302024587160921,1,9,0.5555555555555556,500,1,1,187.5,187.5,1872.1463472931603,1872.1485572114968,-0.060767327386429315,0.09375,False,False,0,0.2877
train,0.30,0x8ad599c3a0ff1de082011efddc58f1908eb6e6d8,3000,25689494,1785942167,1873.4421467403588,1875.3835139611379,1876.452951352452,1036.0,1.0,-1964.0,1.0,-1.0,1.0,3.8429166852143955e-09,3.3240036764418783,1,1,0.0,3000,1,1,99.0,99.0,1873.4421467403588,1873.447765529033,-0.13852288477212937,0.297,False,False,0,0.0864
train,0.05,0x88e6a0c2ddd26feeb64f039a2c41296fcb3f5640,500,25693349,1785988547,1895.745548557638,1895.4630622886255,1895.6828373919086,149.0,-1.0,-351.0,0.9990568508562832,0.9990568508562832,0.9990568508562832,2.8843507829989782e-05,1.4802208565400452,1,8,0.5,500,1,1,3138.998546,3138.998546,1895.745548557638,1895.7274929285813,-1.4813506365535432,1.5702399483182767,False,False,0,0.0789
train,0.05,0x88e6a0c2ddd26feeb64f039a2c41296fcb3f5640,500,25693900,1785995171,1911.434891310157,1912.4179431477858,1911.9083868872328,514.0,1.0,14.0,-0.9984995250632183,0.9984995250632183,0.9984995250632183,1.9533467224943648e-05,1.9901831985591634,1,18,0.8888888888888888,500,1,1,29910.459989,29910.459989,1911.434891310157,1911.6077306673349,-8.90147181699649,14.9552299945,False,False,0,0.6926
train,0.05,0x88e6a0c2ddd26feeb64f039a2c41296fcb3f5640,500,25694526,1786002683,1906.4518886221176,1907.3407669858539,1907.3407669858539,466.0,1.0,-34.0,0.2517443516373761,-0.2517443516373761,0.2517443516373761,1.404975893966829e-05,1.3297453434960889,1,19,0.7894736842105263,500,1,1,22.070008,22.070008,1906.4518886221176,1906.452015960489,-0.0007517972238773041,0.011035004000000001,False,False,0,0.4411
train,0.05,0x88e6a0c2ddd26feeb64f039a2c41296fcb3f5640,500,25695543,1786014911,1899.942277176373,1900.581421147232,1901.2918571665848,336.0,1.0,-164.0,-1.0,1.0,1.0,3.885970833157769e-05,1.596190184356701,1,8,1.0,500,1,1,99586.468463,99586.468463,1899.942277176373,1900.5168639543615,5.851957025908632,49.7932342315,True,True,1,0.5085
train,0.05,0x88e6a0c2ddd26feeb64f039a2c41296fcb3f5640,500,25698349,1786048655,1905.7805203363866,1906.9024290834516,1907.012340794168,588.0,1.0,88.0,-0.9740396615048117,0.9740396615048117,0.9740396615048117,2.0413033022631564e-05,0.9938306418695738,1,4,0.75,500,1,1,20937.487393,20937.487393,1905.7805203363866,1905.9013694801322,2.3937373487860896,10.468743696499999,False,False,1,0.7053
train,0.05,0x88e6a0c2ddd26feeb64f039a2c41296fcb3f5640,500,25700035,1786068911,1900.7002599030857,1901.2639934111914,1901.7147309841394,296.0,1.0,-204.0,-0.2421287970705765,0.2421287970705765,0.2421287970705765,7.558892543198406e-05,1.968411748616039,1,18,0.9444444444444444,500,2,1,31088.728203,31125.226666,1900.7002599030857,1900.8792752122272,-0.42517758804751793,15.5443641015,True,True,0,0.3104
train,0.05,0x88e6a0c2ddd26feeb64f039a2c41296fcb3f5640,500,25700111,1786069835,1899.8647958960603,1899.625329830752,1899.5953230389707,126.0,-1.0,-374.0,0.9997300767430777,0.9997300767430777,0.9997300767430777,1.8628039710533275e-05,2.5189424809805527,1,9,0.7777777777777778,500,1,1,40.0,40.0,1899.8647958960603,1899.864565245242,-0.014336079263024715,0.020007168039631512,False,False,0,0.0975
train,0.05,0x88e6a0c2ddd26feeb64f039a2c41296fcb3f5640,500,25702586,1786099619,1912.6102791350047,1912.763268117386,1912.8231681018328,79.0,1.0,-421.0,0.9999987324867228,-0.9999987324867228,0.9999987324867228,1.473184514056762e-05,0.9366802215503304,1,7,1.0,500,1,1,0.111897,0.111897,1912.6102791350047,1912.6102796355126,-4.355120831166237e-05,5.5948499999999995e-05,False,False,0,0.0723
train,0.05,0x88e6a0c2ddd26feeb64f039a2c41296fcb3f5640,500,25703199,1786107023,1930.1927562577018,1930.1439946349426,1930.3339384469036,25.0,-1.0,-475.0,-0.6368910779496596,-0.6368910779496596,0.6368910779496596,1.6055779077497466e-05,5.972537937246392,1,21,0.9047619047619048,500,1,1,1815.977123,1815.977123,1930.1927562577018,1930.1823977090355,-1.0462132600705445,0.9085116681300351,False,False,0,0.1157
train,0.30,0x8ad599c3a0ff1de082011efddc58f1908eb6e6d8,3000,25703732,1786113431,1918.0802293444642,1923.3567816600623,1923.5958424945034,2750.0,1.0,-250.0,0.0,-0.0,0.0,0.0,3.5986709662959604,1,0,0.0,3000,1,1,699.188271,699.188271,1918.0802293444642,1918.1828257232792,-0.11171387427157242,2.097564813,False,False,0,0.3526
train,0.05,0x88e6a0c2ddd26feeb64f039a2c41296fcb3f5640,500,25713155,1786227179,1919.2902620315888,1918.5613258959356,1918.3214867602162,379.0,-1.0,-121.0,0.9203122551935015,0.9203122551935015,0.9203122551935015,1.8989970111234375e-06,0.9206766555045748,1,26,0.6923076923076923,500,8,8,1330.051881,1330.051881,1919.2902620315888,1919.2826409275283,0.0036862479109629476,0.6650240973760445,False,False,1,0.4647
train,0.05,0x88e6a0c2ddd26feeb64f039a2c41296fcb3f5640,500,25717286,1786276871,1918.2663534894164,1917.761780781233,1916.73325165644,263.0,-1.0,-237.0,0.9942510116423491,0.9942510116423491,0.9942510116423491,8.641950870192442e-09,0.9452567888308481,1,2,0.5,500,1,1,108629.147488,108629.147488,1918.2663534894164,1917.6446566627715,14.914371945138555,54.30711655802743,True,True,1,0.3325
train,0.05,0x88e6a0c2ddd26feeb64f039a2c41296fcb3f5640,500,25719745,1786306451,1919.3138093332564,1918.540485367822,1918.0908129928193,402.0,-1.0,-98.0,0.9391897079574586,0.9391897079574586,0.9391897079574586,4.046733391936802e-06,0.7854536598953451,1,88,0.32954545454545453,500,8,1,49211.83917,49914.758386,1919.3138093332564,1919.0373625065047,3.160164894958143,24.60433950255252,False,False,1,0.4348
train,0.05,0x88e6a0c2ddd26feeb64f039a2c41296fcb3f5640,500,25720843,1786319711,1909.7130592525648,1908.9691310023484,1907.8498634090965,389.0,-1.0,-111.0,0.9997386866802647,0.9997386866802647,0.9997386866802647,1.8643883322562563e-05,1.9783889061490652,1,6,0.8333333333333334,500,1,1,176907.330002,176907.330002,1909.7130592525648,1908.7073512898603,37.608220966591034,88.4348608905167,True,True,1,0.5567
train,0.05,0x88e6a0c2ddd26feeb64f039a2c41296fcb3f5640,500,25725422,1786374863,1876.9136550444398,1876.9885340757778,1877.6080831176553,39.0,1.0,-461.0,0.5656836140554149,-0.5656836140554149,0.5656836140554149,0.00011888467239569181,4.519939158723345,1,50,0.76,500,4,4,759.734052,759.734052,1876.9136550444398,1876.9241308998842,-0.1010389956868103,0.379867026,False,False,0,0.1088
train,0.05,0x88e6a0c2ddd26feeb64f039a2c41296fcb3f5640,500,25725848,1786379987,1874.1346539537965,1874.937573107039,1875.0674766650761,428.0,1.0,-72.0,-0.979957995839562,0.979957995839562,0.979957995839562,1.6094356297703152e-05,2.9634428892196087,1,20,0.85,500,2,2,3842.630193,3842.630193,1874.1346539537965,1874.1876889060961,-0.06402894499363754,1.9213150964999999,True,True,0,0.634
train,0.05,0x88e6a0c2ddd26feeb64f039a2c41296fcb3f5640,500,25726738,1786390679,1875.9955969421617,1875.1599178660279,1875.2798074803547,445.0,-1.0,-55.0,0.9995937317501006,0.9995937317501006,0.9995937317501006,4.8954740120422576e-05,1.7025970208176608,1,11,0.45454545454545453,500,1,1,295.518134,295.518134,1875.9955969421617,1875.991554025581,-0.0353400579413119,0.14777673702897065,False,False,0,0.5506
train,0.05,0x88e6a0c2ddd26feeb64f039a2c41296fcb3f5640,500,25730300,1786433711,1873.5454567998727,1874.1568747923475,1875.0886262743056,326.0,1.0,-174.0,-0.9845847307281121,0.9845847307281121,0.9845847307281121,3.8814032780925826e-05,1.3516326561481453,1,15,0.8,500,1,1,56960.032219,56960.032219,1873.5454567998727,1874.3281516425084,6.5144102789708995,28.480016109500003,True,True,1,0.4544
train,0.05,0x88e6a0c2ddd26feeb64f039a2c41296fcb3f5640,500,25730942,1786441463,1878.0473043089005,1878.7981198120149,1878.7882401192535,399.0,1.0,-101.0,-0.988824654617984,0.988824654617984,0.988824654617984,1.823243306383514e-05,0.955232122811272,1,3,0.3333333333333333,500,1,1,139.76625,139.76625,1878.0473043089005,1878.0492098241002,-0.014841248560600206,0.069883125,False,False,0,0.4497
train,0.05,0x88e6a0c2ddd26feeb64f039a2c41296fcb3f5640,500,25731030,1786442543,1883.092739001673,1883.892910085994,1884.0726978963705,424.0,1.0,-76.0,-0.9603256045048416,0.9603256045048416,0.9603256045048416,8.053521920741536e-05,1.6125689436713961,1,8,0.75,500,2,1,84032.280139,163057.726397,1883.092739001673,1883.1605230812402,24.259911591230775,42.0161400695,True,True,1,0.5593
train,0.30,0x8ad599c3a0ff1de082011efddc58f1908eb6e6d8,3000,25731169,1786444223,1881.4998693487735,1886.406297034566,1886.456307854468,2607.0,1.0,-393.0,0.0,-0.0,0.0,0.0,1.498872230061962,1,0,0.0,3000,1,1,4.261142,4.261142,1881.4998693487735,1881.5004664283763,-0.0015932187113927299,0.012783426,False,False,0,0.2595
train,0.30,0x8ad599c3a0ff1de082011efddc58f1908eb6e6d8,3000,25732329,1786458215,1887.0598525352527,1881.8086142424431,1882.7179664080065,2782.0,-1.0,-218.0,-1.0,-1.0,1.0,3.6920846850456314e-06,3.028225778264819,1,1,0.0,3000,1,1,146.12045,146.12045,1887.0598525352527,1887.0392859613585,-0.10326177238167134,0.438671135317145,False,False,0,0.5559
train,0.05,0x88e6a0c2ddd26feeb64f039a2c41296fcb3f5640,500,25733543,1786472879,1863.272411180138,1862.1488974881718,1862.0089933639924,602.0,-1.0,102.0,0.9731642936370125,0.9731642936370125,0.9731642936370125,9.248286772588229e-06,1.320152355529807,1,15,0.8,500,3,1,28645.827989,28646.386120000003,1863.272411180138,1862.9801422620328,2.880574129518209,14.32147370743524,True,True,1,0.7342
train,0.05,0x88e6a0c2ddd26feeb64f039a2c41296fcb3f5640,500,25734909,1786489295,1880.2863698276083,1879.3928333386418,1879.3928333386418,475.0,-1.0,-25.0,0.2054988485200725,0.2054988485200725,0.2054988485200725,0.00010653470756894786,1.2071323302001287,1,10,0.6,500,1,1,285.612299,285.612299,1880.2863698276083,1880.2835338563032,-0.007299210940118428,0.14280979910547006,False,False,0,0.4082
train,0.05,0x88e6a0c2ddd26feeb64f039a2c41296fcb3f5640,500,25734986,1786490231,1878.6759270167126,1877.9840060262973,1877.9927694405376,368.0,-1.0,-132.0,0.9590444437726415,0.9590444437726415,0.9590444437726415,1.1069335569661023e-05,1.070503126045495,1,6,0.6666666666666666,500,1,1,168.995894,168.995894,1878.6759270167126,1878.6742497291123,-0.023131630790004465,0.084509512815395,False,False,0,0.4635
train,0.05,0x88e6a0c2ddd26feeb64f039a2c41296fcb3f5640,500,25737440,1786519943,1888.5267742283788,1889.4472780565852,1889.667197093983,487.0,1.0,-13.0,-1.0,1.0,1.0,1.4628326911734685e-05,0.7773831460401864,1,3,1.0,500,1,1,31254.053326,31254.053326,1888.5267742283788,1888.8383544690344,0.6587050998386985,15.627026663,False,False,1,0.6381
train,0.05,0x88e6a0c2ddd26feeb64f039a2c41296fcb3f5640,500,25738027,1786526999,1902.069556168525,1902.2260654764432,1902.0261681439083,82.0,1.0,-418.0,-0.010611422435389227,0.010611422435389227,0.010611422435389227,0.00010143107609442048,3.6311075291717536,1,16,0.5,500,2,2,1.6738330000000001,1.6738330000000001,1902.069556168525,1902.069564416635,-0.0008771295334366602,0.0008369165,False,False,0,0.1232
train,0.05,0x88e6a0c2ddd26feeb64f039a2c41296fcb3f5640,500,25738031,1786527047,1902.0642646728131,1902.7346355155391,1904.1933273911075,352.0,1.0,-148.0,-0.46912366713973064,0.46912366713973064,0.46912366713973064,6.903365095966977e-05,3.6540799377778432,1,15,0.6,500,1,1,254891.31114,254891.31114,1902.0642646728131,1903.3205028892723,73.5396373536496,127.44565557000001,True,True,1,0.4294
train,0.05,0x88e6a0c2ddd26feeb64f039a2c41296fcb3f5640,500,25740790,1786560263,1885.9791566686763,1885.5918427911658,1885.951508040656,205.0,-1.0,-295.0,0.9999467941258082,0.9999467941258082,0.9999467941258082,3.651732505616842e-05,1.6854704525826993,1,9,0.5555555555555556,500,1,1,556.516772,556.516772,1885.9791566686763,1885.9737620910087,-0.2710320815159548,0.2783939020407579,False,False,0,0.1048
train,0.05,0x88e6a0c2ddd26feeb64f039a2c41296fcb3f5640,500,25742441,1786580099,1880.6427831664428,1881.1828469984764,1881.0629657684574,287.0,1.0,-213.0,-0.7574141981544514,0.7574141981544514,0.7574141981544514,3.8575440144889825e-06,1.2486471650425561,1,8,0.375,500,2,1,137.0628,703.595491,1880.6427831664428,1880.6385456079881,-0.03756606872113366,0.0685314,False,False,0,0.3035
train,0.05,0x88e6a0c2ddd26feeb64f039a2c41296fcb3f5640,500,25742919,1786585835,1875.667122294436,1876.1051977520278,1876.7546182050692,233.0,1.0,-267.0,-0.9999918794619934,0.9999918794619934,0.9999918794619934,6.695385889220843e-05,1.9371432216957318,1,5,1.0,500,1,1,19558.785937,19558.785937,1875.667122294436,1875.8596233592682,0.5512867471261416,9.7793929685,True,True,1,0.1526
train,0.05,0x88e6a0c2ddd26feeb64f039a2c41296fcb3f5640,500,25746741,1786631831,1893.993402066896,1894.5990817459715,1894.206325954319,319.0,1.0,-181.0,-0.7430529393870327,0.7430529393870327,0.7430529393870327,3.14073054423137e-05,2.4709878456495837,1,12,0.8333333333333334,500,2,1,1786.549536,44378.969591,1893.993402066896,1893.897627397108,-0.6002433695016407,0.893274768,False,False,0,0.4422
train,0.30,0x8ad599c3a0ff1de082011efddc58f1908eb6e6d8,3000,25747302,1786638575,1882.7908858494154,1877.8387332929942,1876.689731490536,2630.0,-1.0,-370.0,0.0,0.0,0.0,0.0,2.755031986234974,1,0,0.0,3000,1,1,2126.035196,2126.035196,1882.7908858494154,1882.4925786566291,0.3444139090538556,6.377072346272838,False,False,1,0.3035
train,0.05,0x88e6a0c2ddd26feeb64f039a2c41296fcb3f5640,500,25747604,1786642199,1876.37314033196,1875.4233696164615,1875.4433709465013,506.0,-1.0,6.0,0.9954409428114196,0.9954409428114196,0.9954409428114196,2.5137837355961947e-05,2.1782073548889125,1,7,0.5714285714285714,500,1,1,1.875434,1.875434,1876.37314033196,1876.3731218611822,-9.37094650121928e-06,0.0009377216854732506,False,False,0,0.6487
train,0.05,0x88e6a0c2ddd26feeb64f039a2c41296fcb3f5640,500,25748659,1786654883,1884.7668301684735,1884.8701727153627,1885.0000645922423,54.0,1.0,-446.0,-1.0,1.0,1.0,2.572524941615282e-06,0.7630818183186708,1,1,0.0,500,1,1,0.020185,0.020185,1884.7668301684735,1884.7668303640162,-8.604535789394352e-06,1.00925e-05,False,False,0,0.0359
train,0.05,0x88e6a0c2ddd26feeb64f039a2c41296fcb3f5640,500,25749271,1786662251,1886.636230999239,1885.6737182541565,1885.4716031862013,510.0,-1.0,10.0,0.9976318318134436,0.9976318318134436,0.9976318318134436,4.3818241816710515e-05,0.9416906875256141,1,10,0.7,500,2,2,23641.454063999998,23641.454063999998,1886.636230999239,1886.4819545227178,1.8080545071575216,11.81982300474642,False,False,1,0.6254
train,0.05,0x88e6a0c2ddd26feeb64f039a2c41296fcb3f5640,500,25750388,1786675727,1886.5995270001783,1887.42902827543,1887.42902827543,439.0,1.0,-61.0,-0.7290879748821149,0.7290879748821149,0.7290879748821149,9.009979677290375e-06,1.030232977330571,1,4,0.5,500,1,1,1990.712326,1990.712326,1886.5995270001783,1886.6124983556208,-0.12736012553591536,0.9953561630000001,False,False,0,0.4632
train,0.30,0x8ad599c3a0ff1de082011efddc58f1908eb6e6d8,3000,25761809,1786813331,1878.859685953454,1883.1498830552407,1883.2397643871013,2283.0,1.0,-717.0,0.0,-0.0,0.0,0.0,0.3559976270518122,1,0,0.0,3000,1,1,39.6,39.6,1878.859685953454,1878.8653629796854,-0.026819515752265488,0.1188,False,False,0,0.1871
train,0.05,0x88e6a0c2ddd26feeb64f039a2c41296fcb3f5640,500,25763106,1786828967,1881.8829698686009,1882.8024949564042,1882.862495949201,488.0,1.0,-12.0,-0.9622695216488859,0.9622695216488859,0.9622695216488859,2.9466560854246785e-06,0.3599320346487052,1,8,0.5,500,1,1,13370.027052,13370.027052,1881.8829698686009,1882.0125643395404,-0.18969592718895,6.685013526,True,True,0,0.5426
train,0.05,0x88e6a0c2ddd26feeb64f039a2c41296fcb3f5640,500,25764024,1786840043,1881.1990397963973,1880.9483711619303,1880.9483711619303,133.0,-1.0,-367.0,1.0,1.0,1.0,4.831201491758456e-06,0.36264838238223723,1,4,1.0,500,1,1,26.170094,26.170094,1881.1990397963973,1881.198786409277,-0.00960452386578936,0.013089849261932894,False,False,0,0.0827
train,0.05,0x88e6a0c2ddd26feeb64f039a2c41296fcb3f5640,500,25770884,1786922495,1872.9223909182647,1873.4277561321094,1873.9172910989653,269.0,1.0,-231.0,-0.6260336920885041,0.6260336920885041,0.6260336920885041,8.29411381528261e-08,1.2683690439220368,1,4,0.5,500,1,1,27234.570145,27234.570145,1872.9223909182647,1873.1869634849215,-1.080919741805701,13.617285072500001,False,False,0,0.2789
train,0.05,0x88e6a0c2ddd26feeb64f039a2c41296fcb3f5640,500,25773240,1786950911,1904.248476790342,1903.5277994681092,1902.8683653734477,378.0,-1.0,-122.0,0.9994777441336254,0.9994777441336254,0.9994777441336254,1.405625743869815e-06,1.7965314434504887,1,7,0.2857142857142857,500,2,2,59922.879365,59922.879365,1904.248476790342,1903.9553060337144,8.862390930790752,29.957008487034603,False,False,1,0.4556
train,0.05,0x88e6a0c2ddd26feeb64f039a2c41296fcb3f5640,500,25773354,1786952279,1902.0831693125497,1901.2978351610816,1901.0580583280878,412.0,-1.0,-88.0,0.9993286672105645,0.9993286672105645,0.9993286672105645,1.2158318248672317e-05,1.0895754666557131,1,9,0.8888888888888888,500,1,1,14210.724973,14210.724973,1902.0831693125497,1902.0136822575325,0.2940886078886251,7.105215442196056,False,False,1,0.5548
train,0.05,0x88e6a0c2ddd26feeb64f039a2c41296fcb3f5640,500,25773468,1786953647,1900.1204281089283,1899.7941495541068,1899.8041499193885,171.0,-1.0,-329.0,1.0,1.0,1.0,8.413224090460308e-06,0.6719361189602119,1,7,1.0,500,1,1,2448.305997,2448.305997,1900.1204281089283,1900.1084631184613,-0.8247487452126734,1.2245653728726065,False,False,0,0.1006
train,0.05,0x88e6a0c2ddd26feeb64f039a2c41296fcb3f5640,500,25776795,1786993691,1906.8925311797775,1907.450362138837,1908.1697860797667,292.0,1.0,-208.0,0.9788487027967643,-0.9788487027967643,0.9788487027967643,1.0004217761363098e-07,1.3422707134051801,1,8,0.25,500,1,1,58153.792147,58153.792147,1906.8925311797775,1907.1714652204878,5.602066532657773,29.0768960735,False,False,1,0.3386
train,0.30,0x8ad599c3a0ff1de082011efddc58f1908eb6e6d8,3000,25780491,1787038211,1898.932759818927,1897.86679369411,1897.456185632194,561.0,-1.0,-2439.0,-0.7961048280484515,-0.7961048280484515,0.7961048280484515,4.3128908661601345e-06,0.830541864518076,1,5,0.6,3000,1,1,294.222166,294.222166,1898.932759818927,1898.8908160966116,-0.6591099961631812,0.8846438279884896,False,False,0,0.0658
train,0.05,0x88e6a0c2ddd26feeb64f039a2c41296fcb3f5640,500,25780934,1787043551,1897.768030220655,1898.572347991453,1898.5913166431465,423.0,1.0,-77.0,-0.9825041528493168,0.9825041528493168,0.9825041528493168,6.313874574297451e-06,1.0748666669586402,1,7,0.2857142857142857,500,1,1,498.661411,498.661411,1897.768030220655,1897.7704396422157,-0.03342727023516545,0.24933070549999997,False,False,0,0.4723
train,0.05,0x88e6a0c2ddd26feeb64f039a2c41296fcb3f5640,500,25782443,1787061743,1896.3789382185366,1897.26348046715,1898.4424613055246,466.0,1.0,-34.0,-0.9988854858395442,0.9988854858395442,0.9988854858395442,1.5542224867990335e-05,2.4516234913088555,1,16,0.6875,500,1,1,302229.688432,302229.688432,1896.3789382185366,1897.7211793283957,66.7164561948739,151.114844216,True,True,1,0.6352
train,0.05,0x88e6a0c2ddd26feeb64f039a2c41296fcb3f5640,500,25783290,1787071955,1918.0859766197432,1917.1830370359846,1917.5728022346948,470.0,-1.0,-30.0,1.0,1.0,1.0,2.7152684523329682e-05,2.0942622070941477,1,22,1.0,500,1,1,466.820132,466.820132,1918.0859766197432,1918.083712115604,-0.10884534414816471,0.2334644886720741,False,False,0,0.6689
train,0.05,0x88e6a0c2ddd26feeb64f039a2c41296fcb3f5640,500,25785476,1787098223,1914.1441256776232,1913.3410994544467,1913.061235277436,419.0,-1.0,-81.0,-0.8208233118825263,-0.8208233118825263,0.8208233118825263,3.415370071946492e-05,1.4440248087800216,1,19,0.8947368421052632,500,1,1,55810.421123,55810.421123,1914.1441256776232,1913.8740261249015,-0.2674834592908155,27.905344303229644,True,True,0,0.5375
train,0.05,0x88e6a0c2ddd26feeb64f039a2c41296fcb3f5640,500,25786966,1787116151,1910.5425179161368,1911.2257076247952,1911.5254126009254,357.0,1.0,-143.0,-0.9384778585430313,0.9384778585430313,0.9384778585430313,2.1222113022964144e-05,1.107000491395927,1,7,0.8571428571428571,500,1,1,28349.78914,28349.78914,1910.5425179161368,1910.679527767627,-0.6138770909092273,14.174894570000001,True,True,0,0.4767
train,0.05,0x88e6a0c2ddd26feeb64f039a2c41296fcb3f5640,500,25787795,1787126111,1916.4286171688855,1915.7248430427321,1915.2861061340905,367.0,-1.0,-133.0,0.995799236005593,0.995799236005593,0.995799236005593,3.2278570718017365e-05,0.9723232160217956,1,12,0.8333333333333334,500,1,1,17867.628508,17867.628508,1916.4286171688855,1916.3420740868705,1.315718776160793,8.93315639461192,True,True,1,0.4916
train,0.05,0x88e6a0c2ddd26feeb64f039a2c41296fcb3f5640,500,25788614,1787135975,1916.5278923958876,1917.363595851507,1917.363595851507,436.0,1.0,-64.0,0.4533701693602169,-0.4533701693602169,0.4533701693602169,1.932497821287021e-05,0.7873391934610091,1,10,0.7,500,1,1,401.854419,401.854419,1916.5278923958876,1916.529834143066,-0.025990245527168554,0.2009272095,False,False,0,0.4188
train,0.05,0x88e6a0c2ddd26feeb64f039a2c41296fcb3f5640,500,25789579,1787147615,1929.1426276271457,1929.41014809173,1929.7798806987664,138.0,1.0,-362.0,0.5500092977395019,-0.5500092977395019,0.5500092977395019,5.859685466468039e-05,4.118855076661445,1,16,0.4375,500,7,7,15854.481501,15854.481501,1929.1426276271457,1929.2184272806421,-3.004070932454738,7.927240750500001,False,False,0,0.1281
train,0.05,0x88e6a0c2ddd26feeb64f039a2c41296fcb3f5640,500,25790362,1787157035,2099.092202703315,2098.6424572724864,2097.402938055414,214.0,-1.0,-286.0,-0.080739873291126,-0.080739873291126,0.080739873291126,4.7356321660686075e-05,5.858982263638026,1,46,0.45652173913043476,500,3,2,94013.300687,103661.174385,2099.092202703315,2098.379939393021,14.195376534327494,46.99955048253772,True,True,1,0.2279
train,0.05,0x88e6a0c2ddd26feeb64f039a2c41296fcb3f5640,500,25791525,1787171075,2114.5369133695926,2114.9134722451336,2116.403119860557,178.0,1.0,-322.0,-0.9900689254686821,0.9900689254686821,0.9900689254686821,3.380304722102786e-05,4.30325872699093,1,20,0.7,500,2,2,41365.036242,41365.036242,2114.5369133695926,2114.8228147556206,13.009150498269264,20.682518121,False,False,1,0.1476
train,0.05,0x88e6a0c2ddd26feeb64f039a2c41296fcb3f5640,500,25792001,1787176799,2284.3673771381696,2285.2587074479916,2285.2687140115163,390.0,1.0,-110.0,0.13508361654752984,-0.13508361654752984,0.13508361654752984,0.0002532476907892098,11.288405506133719,1,49,0.673469387755102,500,8,7,95362.008138,128987.845022,2284.3673771381696,2287.3773225330365,-32.03292896019775,47.67351558087155,False,False,0,0.4606
train,0.05,0x88e6a0c2ddd26feeb64f039a2c41296fcb3f5640,500,25792686,1787185019,2257.562206065414,2257.633071024516,2258.432664084597,31.0,1.0,-469.0,0.0572277434953593,-0.0572277434953593,0.0572277434953593,6.97773075433843e-05,4.534904320889193,1,22,0.45454545454545453,500,1,1,955.57857,955.57857,2257.562206065414,2257.588515446081,-0.11509508007259228,0.477789285,False,False,0,0.11
train,0.05,0x88e6a0c2ddd26feeb64f039a2c41296fcb3f5640,500,25792687,1787185031,2257.588515446081,2258.432664084597,2259.40465526805,373.0,1.0,-127.0,0.05322790635229376,-0.05322790635229376,0.05322790635229376,6.69965926023488e-05,4.508220467709298,1,23,0.4782608695652174,500,2,1,22721.709489,22722.709657,2257.588515446081,2258.21411646656,3.7600623685975734,11.3608547445,False,False,1,0.3769
train,0.05,0x88e6a0c2ddd26feeb64f039a2c41296fcb3f5640,500,25792914,1787187755,2265.3374183155543,2265.4113013118904,2265.191453723415,32.0,1.0,-468.0,-0.11135023689907421,0.11135023689907421,0.11135023689907421,0.00011939099770427906,4.6417807467986,1,24,0.7083333333333334,500,1,1,0.165338,0.165338,2265.3374183155543,2265.3374228658795,-9.364819502849508e-05,8.266900000000002e-05,False,False,0,0.1255
train,0.05,0x88e6a0c2ddd26feeb64f039a2c41296fcb3f5640,500,25793517,1787195015,2242.772456080415,2241.8198616677328,2241.8098577044066,424.0,-1.0,-76.0,0.7754565389541902,0.7754565389541902,0.7754565389541902,0.00010532667351760654,3.123588930290473,1,24,0.5416666666666666,500,1,1,499.58312,499.58312,2242.772456080415,2242.7589905378245,-0.0368885223081179,0.24981000426115407,False,False,0,0.5471
train,0.05,0x88e6a0c2ddd26feeb64f039a2c41296fcb3f5640,500,25793685,1787197031,2242.663074970229,2244.006197970279,2243.7089980774417,598.0,1.0,98.0,-0.39809393766875856,0.39809393766875856,0.39809393766875856,0.00011732394906766009,4.320013885911838,1,17,0.7647058823529411,500,1,1,3997.536026,3997.536026,2242.663074970229,2242.770616421341,-0.2311876890635176,1.998768013,False,False,0,0.7191
train,0.05,0x88e6a0c2ddd26feeb64f039a2c41296fcb3f5640,500,25794331,1787204795,2249.1733180224564,2247.769107675079,2247.619064720343,624.0,-1.0,124.0,0.1313050802905391,0.1313050802905391,0.1313050802905391,7.956338738768088e-05,2.2287210615757,1,13,0.6923076923076923,500,2,2,22621.354257000003,22621.354257000003,2249.1733180224564,2248.5632815636277,1.2557901039978674,11.310049233448002,False,False,1,0.6073
train,0.05,0x88e6a0c2ddd26feeb64f039a2c41296fcb3f5640,500,25795581,1787219855,2275.2274608078496,2274.236820577509,2275.6857842708696,435.0,-1.0,-65.0,0.44681184288852166,0.44681184288852166,0.44681184288852166,5.5089092746522777e-05,3.8801642363075595,1,24,0.625,500,1,1,37636.74811,37636.74811,2275.2274608078496,2274.2020688464386,-34.90297859218845,18.835825544296092,False,False,0,0.528
train,0.05,0x88e6a0c2ddd26feeb64f039a2c41296fcb3f5640,500,25795614,1787220263,2278.690298122366,2279.2622145351625,2278.6425806620837,250.0,1.0,-250.0,-0.3556423192499063,0.3556423192499063,0.3556423192499063,7.252906875160949e-05,3.502153236568242,1,23,0.6086956521739131,500,2,1,1934.048852,1950.446534,2278.690298122366,2278.742594115183,-1.0298762162694857,0.9670244259999999,False,False,0,0.2085
train,0.05,0x88e6a0c2ddd26feeb64f039a2c41296fcb3f5640,500,25797332,1787240963,2313.6641009981995,2313.235288835837,2314.234699183731,185.0,-1.0,-315.0,-0.8521315480319944,-0.8521315480319944,0.8521315480319944,0.00012396850359435105,7.008388960547043,1,23,0.6956521739130435,500,1,1,10.052667,10.052667,2313.6641009981995,2313.6638381650823,-0.007510143417736259,0.005030088571708868,False,False,0,0.1749
train,0.30,0x8ad599c3a0ff1de082011efddc58f1908eb6e6d8,3000,25798066,1787249783,2331.8845627612436,2327.6047836937396,2324.375642801622,1835.0,-1.0,-1165.0,0.9496483050245454,0.9496483050245454,0.9496483050245454,6.209937922318965e-05,5.717603499904299,1,5,0.8,3000,1,1,8370.563657,8370.563657,2331.8845627612436,2331.268110848249,0.7415833124287019,25.109466221062718,False,False,1,0.5697
train,0.05,0x88e6a0c2ddd26feeb64f039a2c41296fcb3f5640,500,25799974,1787272739,2336.455359298463,2337.3923314044023,2340.731651251462,401.0,1.0,-99.0,0.6430868102095723,-0.6430868102095723,0.6430868102095723,0.000127430276592513,6.51706928597418,1,16,0.625,500,1,1,2485.888934,2485.888934,2336.455359298463,2336.52104156558,3.269584229160955,1.242944467,False,False,1,0.579
train,0.05,0x88e6a0c2ddd26feeb64f039a2c41296fcb3f5640,500,25802398,1787301935,2411.4806832710483,2412.2763171048687,2415.975158624288,329.0,1.0,-171.0,-0.07832734905604746,0.07832734905604746,0.07832734905604746,0.0001212182054188497,6.780649143604556,1,40,0.55,500,2,2,135344.699386,135344.699386,2411.4806832710483,2415.085154662499,76.90693122103039,67.6735699054531,True,True,1,0.3655
train,0.05,0x88e6a0c2ddd26feeb64f039a2c41296fcb3f5640,500,25802739,1787306039,2409.3792251523764,2408.2964871010718,2406.3468868572404,449.0,-1.0,-51.0,0.08720162927197526,0.08720162927197526,0.08720162927197526,0.00012340528437475702,5.535562097804685,1,34,0.7352941176470589,500,1,1,70710.032151,70710.032151,2409.3792251523764,2407.4592754569558,25.4936201494711,35.342269265425266,True,True,1,0.5238
train,0.05,0x88e6a0c2ddd26feeb64f039a2c41296fcb3f5640,500,25802875,1787307683,2407.2351242118084,2406.478665204459,2406.0388117688963,314.0,-1.0,-186.0,-0.08213947916937235,-0.08213947916937235,0.08213947916937235,4.49585799911272e-05,5.163317748431149,1,24,0.75,500,2,1,2295.324363,3851.923435,2407.2351242118084,2407.215057977791,-0.03666342752694618,1.1476805132137635,False,False,0,0.3789
train,0.05,0x88e6a0c2ddd26feeb64f039a2c41296fcb3f5640,500,25803150,1787310983,2383.4018341523692,2383.3979551938783,2383.107985724051,1.0,-1.0,-499.0,0.2507545189030131,0.2507545189030131,0.2507545189030131,0.0001234861675157273,5.400319799743474,1,39,0.6153846153846154,500,2,2,42923.922777,42923.922777,2383.4018341523692,2382.497567077854,-23.75189747929926,21.47336251081252,False,False,0,0.1054
train,0.05,0x88e6a0c2ddd26feeb64f039a2c41296fcb3f5640,500,25803604,1787316431,2393.477393782717,2392.1741813304156,2392.977923396167,544.0,-1.0,44.0,-0.9495796656046264,-0.9495796656046264,0.9495796656046264,9.603032405681587e-05,4.619425879231418,1,5,0.8,500,1,1,21.627636,21.627636,2393.477393782717,2393.4768196208943,-0.006307226140695121,0.010816971613070348,False,False,0,0.7803
train,0.30,0x8ad599c3a0ff1de082011efddc58f1908eb6e6d8,3000,25803867,1787319623,2381.5575658260855,2388.703992665067,2390.023599162168,3000.0,1.0,0.0,-1.0,1.0,1.0,0.00025363170394130925,7.408131498316422,1,5,1.0,3000,1,1,50537.666652,50537.666652,2381.5575658260855,2383.222983646579,9.830091069823538,151.612999956,True,True,1,0.786
train,0.30,0x8ad599c3a0ff1de082011efddc58f1908eb6e6d8,3000,25803871,1787319671,2383.8611988341986,2390.2034678487526,2391.56675011746,2660.0,1.0,-340.0,-1.0,1.0,1.0,0.0002503270407719137,7.459339245748915,1,7,1.0,3000,1,1,11609.535884,11609.535884,2383.8611988341986,2384.2439128296483,1.6532582723793894,34.828607652,False,False,1,0.741
train,0.05,0x88e6a0c2ddd26feeb64f039a2c41296fcb3f5640,500,25804294,1787324747,2397.5868511429057,2398.1925393249157,2398.912279711117,252.0,1.0,-248.0,-0.7942922899402108,0.7942922899402108,0.7942922899402108,7.105826035939123e-05,3.8003285484291287,1,20,0.7,500,1,1,9186.259072,9186.259072,2397.5868511429057,2397.825277316895,0.025907751307386206,4.593129536,True,True,1,0.4138
train,0.30,0x8ad599c3a0ff1de082011efddc58f1908eb6e6d8,3000,25804565,1787327999,2398.8518508948628,2391.649306596795,2392.6689080914325,3002.0,-1.0,2.0,0.9995337540448106,0.9995337540448106,0.9995337540448106,4.887877655363927e-05,3.807680638280611,1,6,0.8333333333333334,3000,1,1,1746.258951,1746.258951,2398.8518508948628,2398.79399322835,-0.761154117469232,5.241060315352408,False,False,0,0.7331
train,0.05,0x88e6a0c2ddd26feeb64f039a2c41296fcb3f5640,500,25804699,1787329607,2395.8403967935324,2395.033638063944,2394.6336195854824,336.0,-1.0,-164.0,-0.039142136005400986,-0.039142136005400986,0.039142136005400986,4.968185392287216e-05,4.937631785089369,1,14,0.5714285714285714,500,4,1,6670.515001,6701.08742,2395.8403967935324,2395.6684045022785,-0.21587307927802613,3.335365437039639,False,False,0,0.365
train,0.05,0x88e6a0c2ddd26feeb64f039a2c41296fcb3f5640,500,25805195,1787335571,2424.9754165835507,2424.2108864169772,2425.546457904261,315.0,-1.0,-185.0,-0.5232031130359082,-0.5232031130359082,0.5232031130359082,6.897966680710714e-06,3.6244985704377592,1,74,0.35135135135135137,500,3,2,659.867069,739.3592090000001,2424.9754165835507,2424.9596330377835,-0.4879541644349459,0.3301775115822175,False,False,0,0.3652
train,0.05,0x88e6a0c2ddd26feeb64f039a2c41296fcb3f5640,500,25806534,1787351699,2521.9391081193708,2522.0104168749563,2521.900332570785,28.0,1.0,-472.0,0.04805354216431263,-0.04805354216431263,0.04805354216431263,0.00018255864268153438,8.600274115496157,1,35,0.6,500,1,1,3.171731,3.171731,2521.9391081193708,2521.9392000702474,-0.0016347996945040855,0.0015858654999999998,False,False,0,0.1259
train,0.05,0x88e6a0c2ddd26feeb64f039a2c41296fcb3f5640,500,25806631,1787352875,2514.527093144512,2526.0553198080593,2525.075515704048,4584.0,1.0,4084.0,0.114693359913232,-0.114693359913232,0.114693359913232,0.00019434061569392497,6.937435597871768,1,34,0.7058823529411765,500,1,1,312328.175913,312328.175913,2514.527093144512,2523.5129174061553,596.1692591704195,156.1640879565,False,False,1,0.999
train,0.05,0x88e6a0c2ddd26feeb64f039a2c41296fcb3f5640,500,25806825,1787355203,2528.413804775312,2527.985414911739,2526.5056712019828,169.0,-1.0,-331.0,-0.29123138009723404,-0.29123138009723404,0.29123138009723404,9.387498973660924e-05,6.428302002432701,1,26,0.7692307692307693,500,1,1,12493.125927,12493.125927,2528.413804775312,2528.044491438218,2.2710192722806823,6.245427453863859,False,False,1,0.2099
train,0.05,0x88e6a0c2ddd26feeb64f039a2c41296fcb3f5640,500,25807475,1787363039,2515.708960264109,2514.5981505656823,2512.6284162306774,441.0,-1.0,-59.0,0.02332281758786502,0.02332281758786502,0.02332281758786502,0.00023293382285217588,3.938926834125521,1,33,0.6666666666666666,500,2,1,78759.374643,92554.70925500001,2515.708960264109,2513.071101256151,21.95481664891122,39.36870991317554,True,True,1,0.4483
train,0.05,0x88e6a0c2ddd26feeb64f039a2c41296fcb3f5640,500,25807849,1787367563,2511.934718596781,2513.092580769029,2513.8024068395757,460.0,1.0,-40.0,-0.0907685873971976,0.0907685873971976,0.0907685873971976,0.00010914753297267796,4.168199642880242,1,21,0.7619047619047619,500,1,1,24634.174329,24634.174329,2511.934718596781,2512.635875373199,2.5517876902304124,12.3170871645,False,False,1,0.5075
train,0.05,0x88e6a0c2ddd26feeb64f039a2c41296fcb3f5640,500,25808622,1787376875,2438.2157444886307,2439.2159015218544,2439.8055919523426,410.0,1.0,-90.0,-0.08125591797256816,0.08125591797256816,0.08125591797256816,0.0001571040054317637,21.774228460534133,1,36,0.6388888888888888,500,1,1,21852.652749,21852.652749,2438.2157444886307,2438.8326618391525,0.5511763429167331,10.9263263745,True,True,1,0.4653
train,0.05,0x88e6a0c2ddd26feeb64f039a2c41296fcb3f5640,500,25808995,1787381351,2435.0929898670115,2433.5849134348596,2435.133383831977,619.0,-1.0,119.0,-0.26501286985949724,-0.26501286985949724,0.26501286985949724,7.8970215019732e-05,5.61766983605238,1,28,0.7857142857142857,500,6,6,2301.766371,2301.766371,2435.0929898670115,2435.0280491948342,-1.2203721034196207,1.1514933715517097,False,False,0,0.7377
train,0.05,0x88e6a0c2ddd26feeb64f039a2c41296fcb3f5640,500,25809263,1787384579,2435.3195750190634,2436.6675608302007,2437.1975265311917,553.0,1.0,53.0,0.519974481879728,-0.519974481879728,0.519974481879728,6.777974418981301e-05,3.7890040622387757,1,17,0.5882352941176471,500,3,3,14271.676814999999,14271.676814999999,2435.3195750190634,2435.7220643589244,2.684471098103927,7.1358384075,False,False,1,0.6594
train,0.05,0x88e6a0c2ddd26feeb64f039a2c41296fcb3f5640,500,25809368,1787385839,2435.372997298074,2433.8478308384247,2433.1879979090013,626.0,-1.0,126.0,-0.7283033183106213,-0.7283033183106213,0.7283033183106213,7.033388557664812e-05,2.9196415260316373,1,11,0.9090909090909091,500,1,1,10836.010056,10836.010056,2435.372997298074,2435.0675843466784,3.626889447124995,5.4161915832764365,False,False,1,0.7725
train,0.05,0x88e6a0c2ddd26feeb64f039a2c41296fcb3f5640,500,25810453,1787398895,2421.4466430134,2422.569399093984,2423.479202027007,463.0,1.0,-37.0,-1.0,1.0,1.0,0.00015153339588768646,3.182229675363657,1,3,1.0,500,1,1,5076.364333,5076.364333,2421.4466430134,2421.585851222132,1.5748165747691019,2.5381821665000004,False,False,1,0.6999
train,0.05,0x88e6a0c2ddd26feeb64f039a2c41296fcb3f5640,500,25810605,1787400719,2430.940328265943,2432.0668519085593,2431.116995722303,463.0,1.0,-37.0,-0.7632552830141552,0.7632552830141552,0.7632552830141552,6.425074210364491e-05,3.0947722321942726,1,16,0.4375,500,1,1,1276.279541,1276.279541,2430.940328265943,2430.976080545574,-0.5548144779961603,0.6381397705000001,False,False,0,0.5701
train,0.05,0x88e6a0c2ddd26feeb64f039a2c41296fcb3f5640,500,25811303,1787409155,2419.6077629158613,2419.796406521853,2421.1063603192993,77.0,1.0,-423.0,-0.5486732185610146,0.5486732185610146,0.5486732185610146,4.0606098245095826e-05,2.8342479942790306,1,24,0.5416666666666666,500,1,1,8977.417855,8977.417855,2419.6077629158613,2419.831561825085,0.653525393901873,4.4887089275,True,True,1,0.0887
train,0.05,0x88e6a0c2ddd26feeb64f039a2c41296fcb3f5640,500,25812343,1787421659,2425.539814037887,2426.8901762814103,2426.610166585214,556.0,1.0,56.0,0.7160258357418685,-0.7160258357418685,0.7160258357418685,2.5638702604801167e-05,1.8791114920654701,1,8,0.375,500,1,1,10276.439035,10276.439035,2425.539814037887,2425.821509736133,-1.2023085127348168,5.1382195175000005,False,False,0,0.6026
train,0.05,0x88e6a0c2ddd26feeb64f039a2c41296fcb3f5640,500,25812367,1787421947,2429.056080584933,2430.198558431453,2430.748579758512,470.0,1.0,-30.0,-0.9946706787570035,0.9946706787570035,0.9946706787570035,2.7067766097386338e-05,1.7944473116643391,1,21,0.7619047619047619,500,1,1,18077.097942,18077.097942,2429.056080584933,2429.559783503208,1.6764139504339255,9.038548971,False,False,1,0.6242
train,0.05,0x88e6a0c2ddd26feeb64f039a2c41296fcb3f5640,500,25812981,1787429339,2439.775158068602,2440.75,2440.969970703125,399.0,1.0,-101.0,-0.14501503535033888,0.14501503535033888,0.14501503535033888,9.230991302938587e-05,2.2644918249361004,1,25,0.76,500,2,2,3728.5223149999997,3728.5223149999997,2439.775158068602,2439.8795622763946,-0.11900703358288395,1.8642611575,False,False,0,0.3786
train,0.05,0x88e6a0c2ddd26feeb64f039a2c41296fcb3f5640,500,25813784,1787439083,2414.468241625164,2414.9702133400247,2416.020136177409,207.0,1.0,-293.0,1.0,-1.0,1.0,2.2293198480419662e-05,3.6472578079863234,1,10,1.0,500,2,2,17112.493719000002,17112.493719000002,2414.468241625164,2414.8898863708064,0.9430567081016257,8.5562468595,True,True,1,0.1743
train,0.05,0x88e6a0c2ddd26feeb64f039a2c41296fcb3f5640,500,25814386,1787446319,2432.6127335818537,2432.5750551479778,2432.8250176536017,15.0,-1.0,-485.0,-0.1901899732435674,-0.1901899732435674,0.1901899732435674,0.00037959538351046697,2.7494728277916627,1,16,0.6875,500,1,1,2206.852722,2206.852722,2432.6127335818537,2432.5510949564787,-1.3246339197880843,1.104088677959894,False,False,0,0.0858
train,0.05,0x88e6a0c2ddd26feeb64f039a2c41296fcb3f5640,500,25815062,1787454443,2416.3758915463286,2415.3202689895966,2415.1100891330543,436.0,-1.0,-64.0,0.6172731546913024,0.6172731546913024,0.6172731546913024,1.3903068102837408e-05,2.4837334392439128,1,23,0.6521739130434783,500,2,2,5744.787172,5744.787172,2416.3758915463286,2416.2341112063827,-0.03165307498829861,2.8724094125374946,False,False,0,0.5157
train,0.30,0x8ad599c3a0ff1de082011efddc58f1908eb6e6d8,3000,25815551,1787460359,2405.807890985477,2399.794028303078,2395.074482359088,2499.0,-1.0,-501.0,1.0,1.0,1.0,0.0001719638998489366,2.698951840790002,1,4,1.0,3000,1,1,100991.176938,100991.176938,2405.807890985477,2402.080042218794,69.81821178013342,302.7640761786596,True,True,1,0.6376
train,0.05,0x88e6a0c2ddd26feeb64f039a2c41296fcb3f5640,500,25816114,1787467127,2390.7196711858523,2389.856608603484,2389.256546950933,361.0,-1.0,-139.0,0.9999642750529584,0.9999642750529584,0.9999642750529584,3.0819942662385085e-05,3.541855824427358,1,27,0.6666666666666666,500,2,1,17020.48801,17025.799477,2390.7196711858523,2390.3056313994975,0.43385149402092793,8.51002707925299,False,False,1,0.5635
train,0.05,0x88e6a0c2ddd26feeb64f039a2c41296fcb3f5640,500,25816756,1787474855,2420.245922609333,2418.4491459020796,2417.8791060446974,742.0,-1.0,242.0,-0.4986919317735066,-0.4986919317735066,0.4986919317735066,2.4070874862079802e-05,3.870806217063105,1,16,0.8125,500,2,2,55497.417260999995,55497.417260999995,2420.245922609333,2418.8712064465567,10.776181269010522,27.743320539865493,True,True,1,0.8348
train,0.05,0x88e6a0c2ddd26feeb64f039a2c41296fcb3f5640,500,25817202,1787480219,2413.9636684650372,2414.635151187804,2415.285014539753,278.0,1.0,-222.0,0.09452872690119647,-0.09452872690119647,0.09452872690119647,3.5596809729108847e-05,1.882458155333859,1,14,0.7857142857142857,500,4,4,10813.76021,10813.76021,2413.9636684650372,2414.229466688686,-0.08597147735767408,5.406880105,False,False,0,0.2462
train,0.05,0x88e6a0c2ddd26feeb64f039a2c41296fcb3f5640,500,25818819,1787499683,2446.4340835111184,2445.392059969704,2445.4020684342286,425.0,-1.0,-75.0,-1.0,-1.0,1.0,0.00011472509731245498,4.225668858623437,1,14,0.8571428571428571,500,8,8,17535.700558,17535.700558,2446.4340835111184,2445.943665882874,-3.1292231891684494,8.769414890594584,True,True,0,0.6815
train,0.05,0x88e6a0c2ddd26feeb64f039a2c41296fcb3f5640,500,25821009,1787526047,2455.1206797267955,2453.919921875,2453.919921875,489.0,-1.0,-11.0,0.2665966190649244,0.2665966190649244,0.2665966190649244,5.474262384408543e-05,3.23769459026972,1,41,0.8048780487804879,500,1,1,30473.206476,30473.206476,2455.1206797267955,2454.263156765824,-5.6561251804669155,15.239431300590233,False,False,0,0.548
train,0.05,0x88e6a0c2ddd26feeb64f039a2c41296fcb3f5640,500,25821393,1787530667,2455.072206205128,2454.0355182385674,2455.675394417931,422.0,-1.0,-78.0,0.38480512610846385,0.38480512610846385,0.38480512610846385,2.8120746583066926e-05,3.2700979910371113,1,45,0.5555555555555556,500,1,1,1192.287237,1192.287237,2455.072206205128,2455.0386524883793,-0.8976766696612231,0.5965924568348305,False,False,0,0.4651
train,0.05,0x88e6a0c2ddd26feeb64f039a2c41296fcb3f5640,500,25821551,1787532575,2451.870019351677,2450.164394222067,2450.0545298421735,695.0,-1.0,195.0,-0.5687321659113793,-0.5687321659113793,0.5687321659113793,0.00010141350754790652,4.551322806131593,1,24,0.625,500,4,4,22792.409758,22792.409758,2451.870019351677,2451.236143522104,2.5371014229715296,11.394936328288516,False,False,1,0.8136
train,0.30,0x8ad599c3a0ff1de082011efddc58f1908eb6e6d8,3000,25822696,1787546351,2438.9352846990655,2442.8032645666867,2441.6689505665113,1585.0,1.0,-1415.0,0.0,-0.0,0.0,0.0,2.17460510991232,1,0,0.0,3000,1,1,0.262261,0.262261,2438.9352846990655,2438.935294288389,-0.0004939289626424981,0.000786783,False,False,0,0.1558
train,0.30,0x8ad599c3a0ff1de082011efddc58f1908eb6e6d8,3000,25823160,1787551943,2447.106487043209,2457.1016671051907,2455.031681545238,4084.0,1.0,1084.0,0.0,-0.0,0.0,0.0,3.1890181154209034,1,0,0.0,3000,1,1,17146.238574,17146.238574,2447.106487043209,2447.743954735079,1.691110943993408,51.438715722,False,False,1,0.5757
train,0.05,0x88e6a0c2ddd26feeb64f039a2c41296fcb3f5640,500,25824876,1787572583,2490.8239744095795,2489.736138790358,2488.5763542572818,436.0,-1.0,-64.0,0.0001810647664109178,0.0001810647664109178,0.0001810647664109178,0.00019946470035577029,6.518480536561897,1,25,0.6,500,1,1,41827.458423,41827.458423,2490.8239744095795,2489.679584119265,7.223201925306057,20.910117610537345,True,True,1,0.4698
train,0.05,0x88e6a0c2ddd26feeb64f039a2c41296fcb3f5640,500,25824884,1787572679,2489.4820523910817,2489.82108625075,2491.100987557494,136.0,1.0,-364.0,0.09314427375526124,-0.09314427375526124,0.09314427375526124,0.00020790616767010203,6.4855082164718985,1,24,0.625,500,1,1,27707.629823,27707.629823,2489.4820523910817,2490.238211425939,-0.04779062805027934,13.853814911499999,True,True,0,0.1873
train,0.05,0x88e6a0c2ddd26feeb64f039a2c41296fcb3f5640,500,25825269,1787577299,2515.653959968115,2514.9425769494187,2515.282362935801,282.0,-1.0,-218.0,-0.22857578945699822,-0.22857578945699822,0.22857578945699822,0.00013629409688455408,6.015548908284347,1,28,0.5357142857142857,500,4,3,20007.693469,83517.820394,2515.653959968115,2516.8348589936236,4.499084520358338,10.00159719223982,False,False,1,0.3472
train,0.05,0x88e6a0c2ddd26feeb64f039a2c41296fcb3f5640,500,25825502,1787580095,2498.183649065601,2498.4955648229834,2500.2049616595277,124.0,1.0,-376.0,-0.8384879676858646,0.8384879676858646,0.8384879676858646,6.32499666106974e-05,7.045417909743996,1,19,0.5789473684210527,500,1,1,33695.155065,33695.155065,2498.183649065601,2499.0938872334364,4.2631740230935975,16.847577532499997,True,True,1,0.1319
train,0.05,0x88e6a0c2ddd26feeb64f039a2c41296fcb3f5640,500,25825661,1787582003,2523.8475878521654,2525.0041064363304,2528.0932088017626,458.0,1.0,-42.0,-0.6111946017851562,0.6111946017851562,0.6111946017851562,4.8513861603734405e-05,8.39974345490809,1,61,0.47540983606557374,500,1,1,90253.300615,90253.300615,2523.8475878521654,2526.3111958971344,62.55270123798982,45.1266503075,False,False,1,0.6107
train,0.05,0x88e6a0c2ddd26feeb64f039a2c41296fcb3f5640,500,25827054,1787598755,2471.7163352648977,2472.442097210348,2473.8821675515956,293.0,1.0,-207.0,-0.2849210158375923,0.2849210158375923,0.2849210158375923,0.00012505810299469052,3.4699479273015488,1,30,0.7666666666666667,500,1,1,40628.672078,40628.672078,2471.7163352648977,2472.8095720105307,6.2849288363722735,20.314336039,True,True,1,0.3456
train,0.05,0x88e6a0c2ddd26feeb64f039a2c41296fcb3f5640,500,25829223,1787624927,2524.649984292711,2525.6764345960314,2526.0164748810166,406.0,1.0,-94.0,-0.7447718932626225,0.7447718932626225,0.7447718932626225,0.00012177563769081747,7.819690191225726,1,29,0.4482758620689655,500,1,1,4300.0,4300.0,2524.649984292711,2524.7619787836593,0.08087619906200416,2.15,False,False,1,0.5808
train,0.05,0x88e6a0c2ddd26feeb64f039a2c41296fcb3f5640,500,25829409,1787627159,2512.4500129190087,2511.7178126687195,2510.8581041350053,291.0,-1.0,-209.0,-0.5461252759376378,-0.5461252759376378,0.5461252759376378,7.883545936583496e-05,4.523267782019054,1,25,0.76,500,1,1,16449.868184,16449.868184,2512.4500129190087,2512.024186376437,0.8049256941958447,8.224531629152901,True,True,1,0.4383
train,0.05,0x88e6a0c2ddd26feeb64f039a2c41296fcb3f5640,500,25829702,1787630675,2499.2221467147624,2498.7103137716717,2497.760270466101,204.0,-1.0,-296.0,-0.12269031631184901,-0.12269031631184901,0.12269031631184901,9.831695215769944e-05,4.532991615127126,1,17,0.7058823529411765,500,2,1,8105.303863,8260.303863000001,2499.2221467147624,2499.0157444633287,0.34753834303592157,4.052478162328482,True,True,1,0.23
train,0.05,0x88e6a0c2ddd26feeb64f039a2c41296fcb3f5640,500,25829785,1787631671,2494.353141518225,2495.67583276468,2495.1208002032176,530.0,1.0,30.0,0.6476484986604559,-0.6476484986604559,0.6476484986604559,6.015473627143101e-05,3.565788013383658,1,15,0.3333333333333333,500,2,1,81.182002,154.578264,2494.353141518225,2494.3533433523753,-0.01565443443233505,0.040591000999999995,False,False,0,0.619
train,0.05,0x88e6a0c2ddd26feeb64f039a2c41296fcb3f5640,500,25829966,1787633843,2492.0945082314042,2490.747196504179,2490.0273913562382,540.0,-1.0,40.0,0.995241308489445,0.995241308489445,0.995241308489445,3.8702033095992936e-05,2.6441913832322945,1,14,0.7857142857142857,500,1,1,30154.556053,30154.556053,2492.0945082314042,2491.314955083908,5.224100876119337,15.07466597606194,True,True,1,0.7244
train,0.05,0x88e6a0c2ddd26feeb64f039a2c41296fcb3f5640,500,25831012,1787646443,2495.4982974640025,2495.2263355345704,2494.3667215413784,108.0,-1.0,-392.0,-0.7487376762350852,-0.7487376762350852,0.7487376762350852,6.929611524531233e-05,3.3706787342913045,1,24,0.4583333333333333,500,4,4,2144.865294,2144.865294,2495.4982974640025,2495.4459210077052,-0.12241193234835279,1.072493852966174,False,False,0,0.0956
train,0.05,0x88e6a0c2ddd26feeb64f039a2c41296fcb3f5640,500,25832392,1787663051,2473.8891993271122,2475.3776108065613,2475.467688788608,601.0,1.0,101.0,-0.36053754402144944,0.36053754402144944,0.36053754402144944,4.2537477213399794e-05,2.711527038024261,1,22,0.9090909090909091,500,2,1,49130.766862,80094.350953,2473.8891993271122,2474.3249505395906,9.826196041161893,24.565383430999997,True,True,1,0.6788
train,0.05,0x88e6a0c2ddd26feeb64f039a2c41296fcb3f5640,500,25833600,1787677655,2466.8304668969436,2465.3798828125,2465.77001953125,588.0,-1.0,88.0,0.8374344197977394,0.8374344197977394,0.8374344197977394,7.022985488111708e-06,3.348674174333958,1,17,0.6470588235294118,500,1,1,766.486353,766.486353,2466.8304668969436,2466.8119111661235,-0.05665396554684321,0.38327150348277345,False,False,0,0.7436
train,0.05,0x88e6a0c2ddd26feeb64f039a2c41296fcb3f5640,500,25834312,1787686211,2463.504880274962,2462.4961934735707,2461.9861990077798,409.0,-1.0,-91.0,0.9932722740704568,0.9932722740704568,0.9932722740704568,3.4673582841787215e-05,2.1410344720714827,1,22,0.5454545454545454,500,1,1,10002.559539,10002.559539,2463.504880274962,2463.2736664039985,0.6962214976756513,5.000931658751162,False,False,1,0.5407
train,0.05,0x88e6a0c2ddd26feeb64f039a2c41296fcb3f5640,500,25834708,1787690975,2436.270497770693,2435.6539095935495,2434.7938537750238,253.0,-1.0,-247.0,0.8720567482162437,0.8720567482162437,0.8720567482162437,8.707073701520052e-05,4.19901258400517,1,27,0.5925925925925926,500,1,1,39537.693752,39537.693752,2436.270497770693,2435.3613904188696,-3.1802741800711374,19.770437013090035,True,True,0,0.4319
train,0.05,0x88e6a0c2ddd26feeb64f039a2c41296fcb3f5640,500,25835825,1787704427,2444.62054875604,2445.879968459089,2445.76987094599,515.0,1.0,15.0,-0.9855191075423857,0.9855191075423857,0.9855191075423857,2.4086716411814437e-05,2.9586480098419163,1,23,0.6956521739130435,500,7,6,765.0383949999999,844.028722,2444.62054875604,2444.636121178005,-0.025441359875867153,0.38251919749999996,False,False,0,0.6993
train,0.05,0x88e6a0c2ddd26feeb64f039a2c41296fcb3f5640,500,25837548,1787725151,2459.0423595005395,2458.058804004515,2457.7787999080083,399.0,-1.0,-101.0,0.9999931638348043,0.9999931638348043,0.9999931638348043,4.201708031679484e-05,2.19172846792884,1,14,0.7142857142857143,500,1,1,11528.14288,11528.14288,2459.0423595005395,2458.777902229528,-0.4602836250796827,5.764301581812539,False,False,0,0.5584
train,0.05,0x88e6a0c2ddd26feeb64f039a2c41296fcb3f5640,500,25838053,1787731235,2462.048695295839,2461.219256116202,2461.009318271865,336.0,-1.0,-164.0,0.3306199115568451,0.3306199115568451,0.3306199115568451,7.115019157160383e-06,1.9470130099859622,1,9,1.0,500,1,1,890.574499,890.574499,2462.048695295839,2462.0282772801356,-0.07305115774727255,0.4453237750788736,False,False,0,0.3746
train,0.05,0x88e6a0c2ddd26feeb64f039a2c41296fcb3f5640,500,25838442,1787735927,2450.660465305517,2451.521390109911,2451.521390109911,351.0,1.0,-149.0,0.46061871432486307,-0.46061871432486307,0.46061871432486307,0.00014958606664674268,2.78708637119986,1,17,0.7647058823529411,500,1,1,301.20837,301.20837,2450.660465305517,2450.667321727601,-0.045263745618001394,0.150604185,False,False,0,0.4169
train,0.05,0x88e6a0c2ddd26feeb64f039a2c41296fcb3f5640,500,25838462,1787736167,2447.9997942754435,2446.9218903886244,2447.301967931669,440.0,-1.0,-60.0,0.3280412322971951,0.3280412322971951,0.3280412322971951,8.276023212670798e-05,3.1371925434138115,1,20,0.65,500,1,1,2685.275502,2685.275502,2447.9997942754435,2447.9387374217727,-0.6109650333355603,1.3429432335166678,False,False,0,0.4809
train,0.05,0x88e6a0c2ddd26feeb64f039a2c41296fcb3f5640,500,25840692,1787762999,2449.7314759985316,2448.2711029373163,2448.28111250275,596.0,-1.0,96.0,-0.4481892151769571,-0.4481892151769571,0.4481892151769571,5.946308331491572e-05,4.024224080250706,1,58,0.7758620689655172,500,2,2,6086.698630999999,6086.698630999999,2449.7314759985316,2449.593241040767,0.38883736503964883,3.0431548968174797,False,False,1,0.7182
train,0.05,0x88e6a0c2ddd26feeb64f039a2c41296fcb3f5640,500,25842954,1787790311,2502.670958660997,2501.3801057271144,2500.7099263079012,515.0,-1.0,15.0,0.999918054748277,0.999918054748277,0.999918054748277,2.8654929734357716e-05,3.083406886886789,1,24,0.5,500,2,2,37158.187408,37158.187408,2502.670958660997,2501.823474308847,4.251133106165071,18.57696813744692,True,True,1,0.6812
train,0.05,0x88e6a0c2ddd26feeb64f039a2c41296fcb3f5640,500,25843737,1787799719,2494.540678800553,2494.250574942506,2494.910421067268,116.0,-1.0,-384.0,0.9651160719595595,0.9651160719595595,0.9651160719595595,1.2853838893347948e-07,1.3353745749321937,1,22,0.36363636363636365,500,5,1,0.094261,0.847949,2494.540678800553,2494.540691418618,-6.175117273472808e-05,4.7161375586367364e-05,False,False,0,0.0635
train,0.05,0x88e6a0c2ddd26feeb64f039a2c41296fcb3f5640,500,25845085,1787815943,2492.615780215342,2493.950725912891,2493.950725912891,535.0,1.0,35.0,-0.9829075552169021,0.9829075552169021,0.9829075552169021,2.156534215856107e-05,1.5599669417282735,1,31,0.8064516129032258,500,1,1,5375.563581,5375.563581,2492.615780215342,2492.734692977779,0.06149291186193295,2.6877817905000003,True,True,1,0.6839
train,0.05,0x88e6a0c2ddd26feeb64f039a2c41296fcb3f5640,500,25845970,1787826611,2511.1225626115715,2510.8094797301856,2508.7899120923835,124.0,-1.0,-376.0,0.10342551231288954,0.10342551231288954,0.10342551231288954,0.00019063065770164037,8.836582152303599,1,50,0.42,500,1,1,60521.320113,60521.320113,2511.1225626115715,2509.7424041740414,9.336063886104967,30.25599202455695,True,True,1,0.1613
train,0.05,0x88e6a0c2ddd26feeb64f039a2c41296fcb3f5640,500,25846037,1787827415,2505.1550387181464,2505.94988100238,2506.9098227410454,317.0,1.0,-183.0,-0.7709435704088305,0.7709435704088305,0.7709435704088305,5.870589194750674e-05,9.20425034924588,1,16,0.625,500,1,1,31736.115543,31736.115543,2505.1550387181464,2505.87658743473,1.7806655471867998,15.8680577715,True,True,1,0.5159
train,0.05,0x88e6a0c2ddd26feeb64f039a2c41296fcb3f5640,500,25846497,1787832959,2505.154850880484,2506.019560701358,2505.8496490210587,345.0,1.0,-155.0,-0.1157639624479409,0.1157639624479409,0.1157639624479409,6.560294365719595e-05,2.3997199825587354,1,17,0.7647058823529411,500,2,1,73823.602548,73823.645691,2505.154850880484,2506.832533855437,-41.148878540087026,36.911801274,False,False,0,0.3242
train,0.05,0x88e6a0c2ddd26feeb64f039a2c41296fcb3f5640,500,25847706,1787847491,2526.0348979650093,2526.993671692162,2527.4932405951213,379.0,1.0,-121.0,-0.037657773863385376,0.037657773863385376,0.037657773863385376,3.571978253445909e-05,3.2333719796208693,1,41,0.6829268292682927,500,1,1,63.724161,63.724161,2526.0348979650093,2526.0364451146147,0.00488862773028842,0.0318620805,False,False,1,0.3609
train,0.05,0x88e6a0c2ddd26feeb64f039a2c41296fcb3f5640,500,25848165,1787852999,2518.994955172643,2519.8963634485663,2520.5663322213804,357.0,1.0,-143.0,0.13550444951959167,-0.13550444951959167,0.13550444951959167,7.679979446558763e-05,2.3486606126153524,1,41,0.7073170731707317,500,2,1,199.11,222.35158700000002,2518.994955172643,2518.998977352645,0.024409922477190094,0.099555,False,False,1,0.3303
train,0.05,0x88e6a0c2ddd26feeb64f039a2c41296fcb3f5640,500,25848647,1787858807,2509.932777563967,2511.0713480930212,2511.121402927726,453.0,1.0,-47.0,0.29406921488554066,-0.29406921488554066,0.29406921488554066,2.2797755674051483e-05,2.3876131325453986,1,17,0.7058823529411765,500,1,1,2.007688,2.007688,2509.932777563967,2509.932823297202,-5.5610544616779833e-05,0.0010038439999999998,False,False,0,0.466
train,0.05,0x88e6a0c2ddd26feeb64f039a2c41296fcb3f5640,500,25851148,1787888891,2492.315190876077,2492.7887387763294,2492.638812444366,190.0,1.0,-310.0,-0.18463873252854893,0.18463873252854893,0.18463873252854893,5.691300917591591e-05,1.99362228279425,1,16,0.875,500,1,1,992.0,992.0,2492.315190876077,2492.3378526301717,-0.3717636720680275,0.496,False,False,0,0.1676
train,0.30,0x8ad599c3a0ff1de082011efddc58f1908eb6e6d8,3000,25851288,1787890583,2486.760656316905,2493.6942282401064,2494.434299882362,2788.0,1.0,-212.0,-1.0,1.0,1.0,6.754039649762681e-05,3.9518922739011133,1,1,1.0,3000,1,1,12651.815769,12651.815769,2486.760656316905,2487.2214220752476,-0.2036490781501925,37.95544730700001,True,True,0,0.7265
train,0.05,0x88e6a0c2ddd26feeb64f039a2c41296fcb3f5640,500,25852711,1787907731,2487.6694110621756,2486.813901141728,2485.2088264717427,343.0,-1.0,-157.0,0.16007426972462263,0.16007426972462263,0.16007426972462263,1.8962365375080576e-05,2.003844528745925,1,26,0.5384615384615384,500,1,1,49989.438263,49989.438263,2487.6694110621756,2486.523941007445,12.966125689359615,24.98823606865532,False,False,1,0.2884
train,0.05,0x88e6a0c2ddd26feeb64f039a2c41296fcb3f5640,500,25852957,1787910683,2488.4768565360096,2489.8390717978045,2491.139006478773,547.0,1.0,47.0,0.03702772406525216,-0.03702772406525216,0.03702772406525216,0.00023601695620820284,1.5801916391655781,1,34,0.7647058823529411,500,1,1,65558.323927,65558.323927,2488.4768565360096,2489.9654113109036,17.711052656537504,32.7791619635,True,True,1,0.4882
train,0.05,0x88e6a0c2ddd26feeb64f039a2c41296fcb3f5640,500,25853600,1787918411,2504.3919098794554,2505.250412681011,2505.2754669389356,342.0,1.0,-158.0,-0.9969736729240795,0.9969736729240795,0.9969736729240795,5.066661618692138e-07,1.4406271430321995,1,15,0.8,500,1,1,0.380286,0.380286,2504.3919098794554,2504.391918458738,-5.690198277380487e-05,0.000190143,False,False,0,0.4782
train,0.05,0x88e6a0c2ddd26feeb64f039a2c41296fcb3f5640,500,25854179,1787925419,2514.112547421962,2512.606017354062,2512.606017354062,599.0,-1.0,99.0,-0.5450090272984115,-0.5450090272984115,0.5450090272984115,9.106364434336475e-05,4.334419075420782,1,36,0.5,500,1,1,5778.046023,5778.046023,2514.112547421962,2513.982834430729,0.42459091889668343,2.8888107160405516,False,False,1,0.715
train,0.30,0x8ad599c3a0ff1de082011efddc58f1908eb6e6d8,3000,25854763,1787932451,2485.087027437311,2479.586675274294,2480.1067780219837,2213.0,-1.0,-787.0,1.0,1.0,1.0,0.00021561763275629618,4.70285218123947,1,9,1.0,3000,1,1,103.049828,103.049828,2485.087027437311,2485.0832646093927,-0.10301987930071732,0.3094585436379022,False,False,0,0.6628
train,0.05,0x88e6a0c2ddd26feeb64f039a2c41296fcb3f5640,500,25855734,1787944151,2432.8902066896353,2434.216066081266,2435.0546636754484,544.0,1.0,44.0,-0.5423370156216921,0.5423370156216921,0.5423370156216921,3.0660776277825645e-05,3.1418834822519877,1,39,0.6923076923076923,500,1,1,67137.210921,67137.210921,2432.8902066896353,2434.4098186089873,5.156940469256369,33.5686054605,True,True,1,0.6456
train,0.30,0x8ad599c3a0ff1de082011efddc58f1908eb6e6d8,3000,25856157,1787949263,2432.591586508096,2425.7272770098148,2424.9672900437986,2821.0,-1.0,-179.0,0.9715054860542486,0.9715054860542486,0.9715054860542486,2.504712208829296e-05,1.719920906117412,1,3,0.3333333333333333,3000,2,2,11291.296122,11291.296122,2432.591586508096,2432.1894512382673,0.5868866837972746,33.872127705948614,True,True,1,0.5543
train,0.05,0x88e6a0c2ddd26feeb64f039a2c41296fcb3f5640,500,25856239,1787950247,2429.057934218843,2427.8042829149003,2427.78426458475,516.0,-1.0,16.0,-0.40897586369213795,-0.40897586369213795,0.40897586369213795,3.2488639164776287e-05,2.0357824684223953,1,19,0.5789473684210527,500,2,1,2302.33737,3346.117625,2429.057934218843,2429.029657966263,0.031578970558257424,1.151152895514721,False,False,1,0.5279
train,0.05,0x88e6a0c2ddd26feeb64f039a2c41296fcb3f5640,500,25856927,1787958515,2439.8579920837274,2438.630620900369,2438.7905186189496,503.0,-1.0,3.0,0.8910839512912888,0.8910839512912888,0.8910839512912888,9.495662134035265e-07,1.8706477946044513,1,13,0.6923076923076923,500,1,1,690.395724,690.395724,2439.8579920837274,2439.8429088990424,-0.04529573167360468,0.34522050986583674,False,False,0,0.6294
train,0.05,0x88e6a0c2ddd26feeb64f039a2c41296fcb3f5640,500,25857489,1787965331,2442.5871813444005,2441.2568404197873,2441.3422877147414,544.0,-1.0,44.0,0.9999467597141259,0.9999467597141259,0.9999467597141259,1.78568737563789e-05,1.1193481425074518,1,14,0.7142857142857143,500,3,3,12475.649899,12475.649899,2442.5871813444005,2442.314889959699,-0.5748250164415367,6.238112362008221,False,False,0,0.6684
train,0.05,0x88e6a0c2ddd26feeb64f039a2c41296fcb3f5640,500,25859486,1787989343,2437.10503736711,2436.291736461823,2435.891814121956,333.0,-1.0,-167.0,-0.800884538112846,-0.800884538112846,0.800884538112846,1.5102829992514642e-05,0.8476950116540218,1,26,0.8461538461538461,500,1,1,6723.523205,6723.523205,2437.10503736711,2436.957856289503,-0.21774231887775386,3.361870473659439,True,True,0,0.4084
train,0.05,0x88e6a0c2ddd26feeb64f039a2c41296fcb3f5640,500,25859577,1787990435,2436.341428778019,2435.2261916965017,2435.2261916965017,457.0,-1.0,-43.0,0.9848191562963045,0.9848191562963045,0.9848191562963045,4.047582218141552e-06,1.1413395252245075,1,7,0.5714285714285714,500,2,2,13769.182583999998,13769.182583999998,2436.341428778019,2436.0401126659463,-1.4336011719306043,6.885308092585965,True,True,0,0.5553
train,0.05,0x88e6a0c2ddd26feeb64f039a2c41296fcb3f5640,500,25861967,1788019259,2443.9561293982024,2445.314492207422,2445.2644428788035,555.0,1.0,55.0,-0.9976643112118312,0.9976643112118312,0.9976643112118312,1.9016386137549187e-05,1.5117608005318743,1,22,0.8636363636363636,500,3,3,17150.137322,17150.137322,2443.9561293982024,2444.331812153721,-0.7167906518137448,8.575068661,False,False,0,0.711
train,0.05,0x88e6a0c2ddd26feeb64f039a2c41296fcb3f5640,500,25862786,1788029111,2452.7632778712314,2453.034540111026,2452.7745277452773,110.0,1.0,-390.0,-0.12900555676544345,0.12900555676544345,0.12900555676544345,7.304700098730451e-05,1.765741646675419,1,18,0.7222222222222222,500,1,1,239.74331,239.74331,2452.7632778712314,2452.768543756908,-0.11903016710823522,0.119871655,False,False,0,0.1132
train,0.05,0x88e6a0c2ddd26feeb64f039a2c41296fcb3f5640,500,25864746,1788052691,2454.7672146928103,2454.2054384143657,2454.605336759132,228.0,-1.0,-272.0,0.9024376986230108,0.9024376986230108,0.9024376986230108,1.1224123447495735e-05,1.177839469080256,1,18,0.6111111111111112,500,1,1,121.450155,121.450155,2454.7672146928103,2454.7645412060606,-0.05280916957704562,0.06075148208478852,False,False,0,0.1143
train,0.05,0x88e6a0c2ddd26feeb64f039a2c41296fcb3f5640,500,25865211,1788058283,2456.132858289061,2457.3437398434453,2457.5537070799624,493.0,1.0,-7.0,-0.7896461981816423,0.7896461981816423,0.7896461981816423,2.8371327466733445e-06,1.598533643415667,1,19,0.631578947368421,500,4,3,22397.125874999998,22445.742734,2456.132858289061,2456.624745710316,-0.4959690674555759,11.198562937499998,True,True,0,0.5781
train,0.05,0x88e6a0c2ddd26feeb64f039a2c41296fcb3f5640,500,25865512,1788061895,2457.0231234822686,2457.7445481486066,2457.5445949771997,293.0,1.0,-207.0,0.9927238600911659,-0.9927238600911659,0.9927238600911659,2.7548281499021587e-05,1.0744649350470221,1,13,0.5384615384615384,500,2,2,79.562115,79.562115,2457.0231234822686,2457.0248748427684,-0.022932757273856907,0.0397810575,False,False,0,0.3722
train,0.05,0x88e6a0c2ddd26feeb64f039a2c41296fcb3f5640,500,25866620,1788075239,2458.292584774254,2457.3137096456644,2457.3137096456644,398.0,-1.0,-102.0,-0.036533348151881195,-0.036533348151881195,0.036533348151881195,3.990373824945392e-06,0.47261012799399704,1,4,0.5,500,1,1,1261.755497,1261.755497,2458.292584774254,2458.264892342106,-0.1356281063458482,0.6309455625531729,False,False,0,0.2611
train,0.30,0x8ad599c3a0ff1de082011efddc58f1908eb6e6d8,3000,25867978,1788091595,2459.4720082181093,2467.066588076846,2468.9466210283235,3087.0,1.0,87.0,-1.0,1.0,1.0,6.653610471267271e-05,1.969548731776927,1,4,1.0,3000,2,2,73325.50665899999,73325.50665899999,2459.4720082181093,2462.1332222577157,21.976754785526282,219.97651997699995,True,True,1,0.7067
train,0.05,0x88e6a0c2ddd26feeb64f039a2c41296fcb3f5640,500,25869600,1788111119,2498.6401480998607,2499.924951922356,2500.825089405356,514.0,1.0,14.0,-0.20959153160667365,0.20959153160667365,0.20959153160667365,6.4871174677805e-05,5.923541373194366,1,25,0.8,500,3,3,49459.475278,49459.475278,2498.6401480998607,2499.7239161698308,7.771704702714571,24.729737639,True,True,1,0.6296
train,0.05,0x88e6a0c2ddd26feeb64f039a2c41296fcb3f5640,500,25870582,1788122939,2492.682268840718,2493.8703873080117,2494.48021399966,476.0,1.0,-24.0,-0.4441373339340093,0.4441373339340093,0.4441373339340093,3.6547827431137964e-05,4.001034935494066,1,31,0.8709677419354839,500,1,1,26884.401536,26884.401536,2492.682268840718,2493.2726687932386,2.7555685849547444,13.442200768000001,True,True,1,0.6123
train,0.30,0x8ad599c3a0ff1de082011efddc58f1908eb6e6d8,3000,25871028,1788128291,2477.0176434321734,2470.09581900043,2469.865845430887,2794.0,-1.0,-206.0,1.0,1.0,1.0,0.00012253963924701184,3.6627750049456966,1,7,1.0,3000,1,1,2449.735069,2449.735069,2477.0176434321734,2476.9281817559804,-0.3212552933987354,7.350168972880196,False,False,0,0.7182
train,0.05,0x88e6a0c2ddd26feeb64f039a2c41296fcb3f5640,500,25871490,1788133859,2405.5261868651432,2406.3696717507873,2406.6897241075444,350.0,1.0,-150.0,-0.06559765589267257,0.06559765589267257,0.06559765589267257,0.0002023232734187335,10.78767827919062,1,70,0.4,500,1,1,21721.144231,21721.144231,2405.5261868651432,2406.0148373621337,-2.565258678620012,10.8605721155,True,True,0,0.3635
train,0.05,0x88e6a0c2ddd26feeb64f039a2c41296fcb3f5640,500,25872241,1788142907,2417.9821954283707,2416.9382378168434,2416.7583241675834,431.0,-1.0,-69.0,0.9273529098632428,0.9273529098632428,0.9273529098632428,4.044914134800857e-05,3.4777549298020944,1,22,0.8181818181818182,500,1,1,13217.640557,13217.640557,2417.9821954283707,2417.6885302844726,-0.7213321496328717,6.609180944574817,True,True,0,0.6407
train,0.05,0x88e6a0c2ddd26feeb64f039a2c41296fcb3f5640,500,25872461,1788145571,2410.564119643366,2409.5903696371615,2409.2803637444135,403.0,-1.0,-97.0,-0.8412892940330161,-0.8412892940330161,0.8412892940330161,5.410693582563849e-05,2.9312738849840745,1,19,0.7368421052631579,500,6,4,20999.224113999997,49187.766515999996,2410.564119643366,2410.72525068103,4.140974621495914,10.497541569689252,False,False,1,0.5601
train,0.05,0x88e6a0c2ddd26feeb64f039a2c41296fcb3f5640,500,25874739,1788172991,2449.147708383461,2449.578604011292,2449.564122045827,175.0,1.0,-325.0,-0.17454525884880345,0.17454525884880345,0.17454525884880345,1.1367799099107428e-05,2.0170642486597754,1,12,0.5833333333333334,500,1,1,18995.3976,18995.3976,2449.147708383461,2449.5747479889956,-7.924921912515856,9.4976988,False,False,0,0.1375
train,0.05,0x88e6a0c2ddd26feeb64f039a2c41296fcb3f5640,500,25875145,1788177899,2453.2639534360524,2454.3990484043698,2455.5888651080663,462.0,1.0,-38.0,-0.9997262775052486,0.9997262775052486,0.9997262775052486,6.21724795302309e-05,2.0747355443776607,1,28,0.7857142857142857,500,2,1,61931.716686,61933.177533,2453.2639534360524,2454.667870322114,9.975731591628573,30.965858342999997,True,True,1,0.631
train,0.05,0x88e6a0c2ddd26feeb64f039a2c41296fcb3f5640,500,25875265,1788179339,2455.943834548965,2454.298263269277,2454.927963468719,670.0,-1.0,170.0,0.043780996577718674,0.043780996577718674,0.043780996577718674,0.00016089840722570788,4.61117932744402,1,22,0.7272727272727273,500,2,2,1000.681096,1000.681096,2455.943834548965,2455.921131347101,-0.09109132885252208,0.5003860936644263,False,False,0,0.7235
train,0.05,0x88e6a0c2ddd26feeb64f039a2c41296fcb3f5640,500,25875268,1788179375,2456.8286704086677,2455.287966489718,2456.447542322102,627.0,-1.0,127.0,-0.1146147249677818,-0.1146147249677818,0.1146147249677818,0.0001457662394423203,4.48006171139657,1,25,0.76,500,1,1,467.233604,467.233604,2456.8286704086677,2456.818068007294,-0.16222493009161099,0.23369791446504581,False,False,0,0.6974
train,0.05,0x88e6a0c2ddd26feeb64f039a2c41296fcb3f5640,500,25876403,1788193043,2463.7471032861586,2463.704142323794,2463.024136543989,17.0,-1.0,-483.0,0.9840857703898088,0.9840857703898088,0.9840857703898088,4.0530723308748094e-05,2.911960246353915,1,21,0.6666666666666666,500,1,1,25235.286485,25235.286485,2463.7471032861586,2463.1765973273896,-8.13801649108791,12.621712250745544,False,False,0,0.0629
train,0.30,0x8ad599c3a0ff1de082011efddc58f1908eb6e6d8,3000,25876759,1788197351,2468.722948730783,2461.7706269840774,2460.996133196814,2816.0,-1.0,-184.0,0.0,0.0,0.0,0.0,2.643177007373888,1,0,0.0,3000,1,1,7488.768395,7488.768395,2468.722948730783,2468.449827504178,0.561363401793642,22.46462109479462,True,True,1,0.3291
train,0.30,0x8ad599c3a0ff1de082011efddc58f1908eb6e6d8,3000,25877690,1788208583,2478.58615631308,2471.4840703551504,2471.2939114305245,2865.0,-1.0,-135.0,0.9999490800469075,0.9999490800469075,0.9999490800469075,6.532724088889455e-05,1.988918859568412,1,10,0.9,3000,1,1,4201.392961,4201.392961,2478.58615631308,2478.4327103915957,-0.3740639295820074,12.605301074788745,True,True,0,0.6591
train,0.05,0x88e6a0c2ddd26feeb64f039a2c41296fcb3f5640,500,25877766,1788209495,2471.1027354133944,2471.4052447122017,2471.795067122293,122.0,1.0,-378.0,0.9331143532039856,-0.9331143532039856,0.9331143532039856,2.9454038123061284e-05,2.06687503605536,1,22,0.7727272727272727,500,1,1,0.427975,0.427975,2471.1027354133944,2471.102744928244,-9.415453009098407e-05,0.00021398750000000002,False,False,0,0.0921
train,0.05,0x88e6a0c2ddd26feeb64f039a2c41296fcb3f5640,500,25877878,1788210839,2472.6513546246847,2472.4895888792657,2472.0897545073585,65.0,-1.0,-435.0,0.630219153114292,0.630219153114292,0.630219153114292,3.9352612607456515e-05,3.009187575460259,1,12,0.4166666666666667,500,1,1,58.964948,58.964948,2472.6513546246847,2472.6500425172753,-0.016114664202376616,0.02949053133210119,False,False,0,0.0783
train,0.05,0x88e6a0c2ddd26feeb64f039a2c41296fcb3f5640,500,25879372,1788228851,2455.7003888717104,2456.0504404724115,2455.096186890777,142.0,1.0,-358.0,0.8958838041142424,-0.8958838041142424,0.8958838041142424,2.458434531714395e-05,2.218803881535398,1,29,0.5517241379310345,500,3,3,2437.282201,2437.282201,2455.7003888717104,2455.7551169223725,-1.8451516018653038,1.2186411005,False,False,0,0.0918
train,0.05,0x88e6a0c2ddd26feeb64f039a2c41296fcb3f5640,500,25882274,1788263807,2459.968939265107,2458.9413792263167,2457.771784837745,417.0,-1.0,-83.0,0.7469016558377066,0.7469016558377066,0.7469016558377066,4.033017845520987e-05,2.011608007736936,1,13,0.8461538461538461,500,3,3,43177.764387,43177.764387,2459.968939265107,2459.000596202469,8.486990076615406,21.584638698461692,False,False,1,0.5341
train,0.05,0x88e6a0c2ddd26feeb64f039a2c41296fcb3f5640,500,25882723,1788269219,2441.232964026688,2442.720348318454,2442.980287900392,609.0,1.0,109.0,-0.9977852057446486,0.9977852057446486,0.9977852057446486,3.0001400444535444e-05,4.548332954951065,1,12,0.75,500,2,2,39755.785604,39755.785604,2441.232964026688,2442.1195908084533,1.3442641839401404,19.877892801999998,True,True,1,0.8257
train,0.05,0x88e6a0c2ddd26feeb64f039a2c41296fcb3f5640,500,25884886,1788295223,2420.287624661312,2420.3981821834172,2420.1582615260327,45.0,1.0,-455.0,0.07715157404142099,-0.07715157404142099,0.07715157404142099,2.2904023228191786e-05,2.037540208714846,1,19,0.7368421052631579,500,3,3,5844.482726,5844.482726,2420.287624661312,2420.4192440724705,-3.393293513689457,2.9222413630000004,False,False,0,0.0938
train,0.05,0x88e6a0c2ddd26feeb64f039a2c41296fcb3f5640,500,25885372,1788301091,2413.7612396991444,2414.1591663521904,2414.1350332071274,164.0,1.0,-336.0,1.0,-1.0,1.0,4.530811295624028e-05,2.204146907129333,1,8,0.875,500,1,1,3119.412776,3119.412776,2413.7612396991444,2413.830939347737,-1.1218997662094807,1.559706388,False,False,0,0.114
